<ArmGcc>
  <armgcc.common.outputfiles.hex>True</armgcc.common.outputfiles.hex>
  <armgcc.common.outputfiles.lss>True</armgcc.common.outputfiles.lss>
  <armgcc.common.outputfiles.eep>True</armgcc.common.outputfiles.eep>
  <armgcc.common.outputfiles.bin>True</armgcc.common.outputfiles.bin>
  <armgcc.common.outputfiles.srec>True</armgcc.common.outputfiles.srec>
  <armgcc.compiler.symbols.DefSymbols>
    <ListValues>
      <Value>DEBUG</Value>
    </ListValues>
  </armgcc.compiler.symbols.DefSymbols>
  <armgcc.compiler.directories.IncludePaths>
    <ListValues>
      <Value>../CMSIS/5.4.0/CMSIS/Core/Include</Value>
      <Value>../CMSIS/5.4.0/CMSIS/Core_A/Include</Value>
      <Value>../CMSIS/5.4.0/CMSIS/Core/Include</Value>
      <Value>../CMSIS/5.4.0/CMSIS/Core_A/Include</Value>
      <Value>../ST25RFAL/include</Value>
      <Value>../ST25RFAL/source/st25r95</Value>
      <Value>../Config</Value>
      <Value>../</Value>
      <Value>../examples</Value>
      <Value>../hal/include</Value>
      <Value>../hal/utils/include</Value>
      <Value>../hpl/cmcc</Value>
      <Value>../hpl/core</Value>
      <Value>../hpl/dmac</Value>
      <Value>../hpl/eic</Value>
      <Value>../hpl/gclk</Value>
      <Value>../hpl/mclk</Value>
      <Value>../hpl/osc32kctrl</Value>
      <Value>../hpl/oscctrl</Value>
      <Value>../hpl/pm</Value>
      <Value>../hpl/port</Value>
      <Value>../hpl/qspi</Value>
      <Value>../hpl/ramecc</Value>
      <Value>../hpl/rtc</Value>
      <Value>../hpl/sercom</Value>
      <Value>../hpl/tcc</Value>
      <Value>../hpl/usb</Value>
      <Value>../hri</Value>
      <Value>../documentation</Value>
      <Value>../qtouch</Value>
      <Value>../qtouch/include</Value>
      <Value>../usb</Value>
      <Value>../usb/class/cdc</Value>
      <Value>../usb/class/cdc/device</Value>
      <Value>../usb/device</Value>
      <Value>%24(PackRepoDir)\atmel\SAME53_DFP\1.1.118\include</Value>
    </ListValues>
  </armgcc.compiler.directories.IncludePaths>
  <armgcc.compiler.optimization.level>Optimize debugging experience (-Og)</armgcc.compiler.optimization.level>
  <armgcc.compiler.optimization.PrepareFunctionsForGarbageCollection>True</armgcc.compiler.optimization.PrepareFunctionsForGarbageCollection>
  <armgcc.compiler.optimization.DebugLevel>Maximum (-g3)</armgcc.compiler.optimization.DebugLevel>
  <armgcc.compiler.warnings.AllWarnings>True</armgcc.compiler.warnings.AllWarnings>
  <armgcc.compiler.miscellaneous.OtherFlags>-std=gnu99 -mfloat-abi=softfp -mfpu=fpv4-sp-d16</armgcc.compiler.miscellaneous.OtherFlags>
  <armgcc.linker.general.UseNewlibNano>True</armgcc.linker.general.UseNewlibNano>
  <armgcc.linker.libraries.Libraries>
    <ListValues>
      <Value>libqtm_touch_key_cm4_0x0002.a</Value>
      <Value>libqtm_scroller_cm4_0x000b.a</Value>
      <Value>libqtm_acq_same53_0x000f.a</Value>
      <Value>libm</Value>
    </ListValues>
  </armgcc.linker.libraries.Libraries>
  <armgcc.linker.libraries.LibrarySearchPaths>
    <ListValues>
      <Value>..\qtouch\lib\gcc</Value>
      <Value>..\qtouch\lib\gcc</Value>
      <Value>..\qtouch\lib\gcc</Value>
      <Value>..\qtouch\lib\gcc</Value>
      <Value>..\qtouch\lib\gcc</Value>
      <Value>..\qtouch\lib\gcc</Value>
      <Value>..\qtouch\lib\gcc</Value>
      <Value>..\qtouch\lib\gcc</Value>
      <Value>..\qtouch\lib\gcc</Value>
      <Value>..\qtouch\lib\gcc</Value>
      <Value>..\qtouch\lib\gcc</Value>
      <Value>..\qtouch\lib\gcc</Value>
      <Value>..\qtouch\lib\gcc</Value>
      <Value>..\qtouch\lib\gcc</Value>
      <Value>%24(ProjectDir)\Device_Startup</Value>
    </ListValues>
  </armgcc.linker.libraries.LibrarySearchPaths>
  <armgcc.linker.optimization.GarbageCollectUnusedSections>True</armgcc.linker.optimization.GarbageCollectUnusedSections>
  <armgcc.linker.memorysettings.ExternalRAM />
  <armgcc.linker.miscellaneous.LinkerFlags>-Tsame53j18a_flash.ld -Wl,--defsym,STACK_SIZE=0x2000</armgcc.linker.miscellaneous.LinkerFlags>
  <armgcc.assembler.general.IncludePaths>
    <ListValues>
      <Value>../Config</Value>
      <Value>../</Value>
      <Value>../examples</Value>
      <Value>../hal/include</Value>
      <Value>../hal/utils/include</Value>
      <Value>../hpl/cmcc</Value>
      <Value>../hpl/core</Value>
      <Value>../hpl/dmac</Value>
      <Value>../hpl/eic</Value>
      <Value>../hpl/gclk</Value>
      <Value>../hpl/mclk</Value>
      <Value>../hpl/osc32kctrl</Value>
      <Value>../hpl/oscctrl</Value>
      <Value>../hpl/pm</Value>
      <Value>../hpl/port</Value>
      <Value>../hpl/qspi</Value>
      <Value>../hpl/ramecc</Value>
      <Value>../hpl/rtc</Value>
      <Value>../hpl/sercom</Value>
      <Value>../hpl/tcc</Value>
      <Value>../hpl/usb</Value>
      <Value>../hri</Value>
      <Value>../documentation</Value>
      <Value>../qtouch</Value>
      <Value>../qtouch/include</Value>
      <Value>../usb</Value>
      <Value>../usb/class/cdc</Value>
      <Value>../usb/class/cdc/device</Value>
      <Value>../usb/device</Value>
      <Value>%24(PackRepoDir)\atmel\SAME53_DFP\1.1.118\include</Value>
    </ListValues>
  </armgcc.assembler.general.IncludePaths>
  <armgcc.assembler.debugging.DebugLevel>Default (-g)</armgcc.assembler.debugging.DebugLevel>
  <armgcc.preprocessingassembler.general.IncludePaths>
    <ListValues>
      <Value>../Config</Value>
      <Value>../</Value>
      <Value>../examples</Value>
      <Value>../hal/include</Value>
      <Value>../hal/utils/include</Value>
      <Value>../hpl/cmcc</Value>
      <Value>../hpl/core</Value>
      <Value>../hpl/dmac</Value>
      <Value>../hpl/eic</Value>
      <Value>../hpl/gclk</Value>
      <Value>../hpl/mclk</Value>
      <Value>../hpl/osc32kctrl</Value>
      <Value>../hpl/oscctrl</Value>
      <Value>../hpl/pm</Value>
      <Value>../hpl/port</Value>
      <Value>../hpl/qspi</Value>
      <Value>../hpl/ramecc</Value>
      <Value>../hpl/rtc</Value>
      <Value>../hpl/sercom</Value>
      <Value>../hpl/tcc</Value>
      <Value>../hpl/usb</Value>
      <Value>../hri</Value>
      <Value>../documentation</Value>
      <Value>../qtouch</Value>
      <Value>../qtouch/include</Value>
      <Value>../usb</Value>
      <Value>../usb/class/cdc</Value>
      <Value>../usb/class/cdc/device</Value>
      <Value>../usb/device</Value>
      <Value>%24(PackRepoDir)\atmel\SAME53_DFP\1.1.118\include</Value>
    </ListValues>
  </armgcc.preprocessingassembler.general.IncludePaths>
  <armgcc.preprocessingassembler.debugging.DebugLevel>Default (-Wa,-g)</armgcc.preprocessingassembler.debugging.DebugLevel>
</ArmGcc>